Protein1,Protein2,fromSite,ToSite
P75271,P75271,887,894
P78013,P78013,1058,1258
P75271,P75271,844,833
P78013,P78013,1066,1258
P75271,P75271,256,273
Q50295,Q50295,255,266
P78013,P78013,1163,1154
Q50295,Q50295,324,255
Q50295,P78013,118,866
P78013,P78013,289,345
P78013,P78013,825,866
Q50295,Q50295,255,10
P75090,P75090,42,32
P78013,P78013,1278,1258
P75271,P75271,887,1051
P78013,P78013,533,170
P78013,P78013,289,283
P78013,P78013,983,996
Q50295,Q50295,266,317
Q50295,Q50295,10,204
P78013,P78013,530,533
P78013,P78013,238,245
P78013,P78013,422,434
P75271,P75271,395,894
P75591,P75591,178,186
P75271,P78013,171,222
Q50295,Q50295,324,266
P75271,P75271,161,273
P78013,P78013,1227,1218
P78013,P78013,1269,1258
P75090,P75090,36,42
P78013,P78013,594,557
P75271,P75271,765,758
P78013,P78013,337,296
Q50295,P78013,149,831
P75591,P75591,178,183
P75591,P75591,104,91
P75591,P75591,104,112
P75049,P75049,61,84
P78013,P78013,1066,1058
Q50295,Q50295,255,317
P75591,P75591,383,269
P75591,P75591,388,383
Q50295,P78013,74,1145
P78013,P78013,449,415
P78013,P78013,309,283
P75591,P75591,43,126
P78013,P78013,238,262
Q50295,Q50295,324,10
P78013,P78013,1130,11
P78013,P78013,273,283
P75591,P75591,524,515
P78013,P78013,582,557
Q50295,Q50295,324,295
P75271,P75271,894,1051
P75271,P78013,760,732
P75271,P75271,779,787
P75049,P75049,67,84
P75591,P75591,404,383
P75049,P75049,61,67
P75090,P75090,71,77
Q50295,Q50295,282,295
Q50295,Q50295,282,266
P78013,P75049,993,61
P78013,P78013,530,170
P75271,P78013,515,1278
P75271,P75271,975,951
P78013,P78013,872,866
P78013,P78013,983,1269
P75271,P75271,406,386
P78013,P78013,583,557
P75271,P75271,760,847
P75271,P75271,386,395
P75591,P75591,104,1
P75591,P75560,388,132
P75049,P75049,58,67
P75271,P78013,758,732
P75271,P75271,515,386
P75049,P75049,27,31
P75049,P75049,232,67
P75591,P75591,524,517
P75591,P75591,388,429
P78013,P78013,1239,1227
P75591,P75591,388,404
P75591,P75560,388,136
P75591,P75591,247,383
P78013,P75591,1319,158
P75271,P78013,48,983
P75591,P75581,429,30
P75271,P75049,204,1
P75271,P75271,256,163
Q50295,Q50295,324,204
P78013,P75591,983,158
P75271,P75049,45,61
P75271,P78013,48,993
P78013,P78013,318,283
P78013,P78013,345,283
P75271,P75271,876,887
P75271,P75271,406,411
P75271,P75271,395,406
P78013,P78013,245,429
P75591,P75591,404,429
P78013,P78013,555,582
Q50295,Q50295,158,204
